Naive mean,Yesterdays value,Autoregression,Moving Average,Autoregressive Moving Average,ARIMA,"AutoARIMA (1, 0, 1)",SARIMAX,"AutoSARIMAX (1, 0, 1),(0, 0, 0, 6)",Prophet univariate,BayesianRidge,Lasso,Randomforest,XGBoost,Lightgbm,SVM RBF,Kneighbors,Prophet multivariate,Tensorflow simple LSTM,DeepAR,SVM RBF GRID SEARCH,Randomforest tunned,EnsembleXG+LIGHT,EnsembleXG+LIGHT+TF,EnsembleLIGHT+TF,EnsembleXG+TF
59.32093968874532,52.67495069033531,47.2380490738903,49.04387523590742,47.09685892883088,48.24924334429844,47.09685892883088,51.25048185966847,51.29198250756218,61.53380230466186,39.24300096256203,39.23696633914532,45.83794230098986,31.043099031880995,30.173660146490924,40.80889444196703,57.04884684382101,38.34874325609626,31.96643078185263,72.52873421948908,38.56560174512258,40.74096313356161,29.61489252598891,27.735330155507718,28.23061126161103,27.934743141180768
81.44435990224613,74.52276372084813,65.3217182921559,66.20167106828778,64.86169309441608,66.38752634068322,64.86169309441608,71.32864345186118,71.48683847219141,83.64673198635526,54.63447702907305,54.583997908701555,59.448943203671895,43.195545620081205,42.74528484244324,56.032800300288585,80.38733591079851,50.50259482304522,45.3566249356565,105.39131309058503,50.3400272130703,53.15150584836339,41.66026002710972,39.58431412866626,40.416828892755404,39.92527351625934
1.3213573049116003,1.044049705124814,1.0155933817442637,1.0528691003003376,1.0056440815777237,1.0616723449754872,1.0056440815777237,0.905277811022093,0.9125628929273866,1.2682130053815857,0.7078739844522807,0.7090311778288815,1.0292758595380396,0.5421447091544523,0.5223376202466112,0.7942235072980315,1.082936498804147,0.7448471065733565,0.46278453753139237,0.957376958545507,0.7767785685301326,0.9031821616042627,0.5201804788231114,0.4441816068800573,0.4300154340480755,0.4342093251052988
0.0,0.1627486115825162,0.3567301864236726,0.3392824002951037,0.36575867888421854,0.3355673816414432,0.36575867888421854,0.2329813916131096,0.22957538042990167,-0.05481410213739779,0.5500009967624746,0.5508321591036289,0.46719750636098334,0.7187089595346269,0.7245426265270773,0.5266715316287729,0.025788518944025896,0.6154920206968187,0.6898588219439005,-0.6745094478051386,0.6179634951262103,0.5740985511312133,0.7383492862021859,0.7637758907701789,0.7537351418447369,0.7596889332408046
