Naive mean,Yesterdays value,Autoregression,Moving Average,Autoregressive Moving Average,ARIMA,"AutoARIMA (1, 0, 1)",SARIMAX,"AutoSARIMAX (1, 0, 1),(0, 0, 0, 6)",Prophet univariate,BayesianRidge,Lasso,Randomforest,XGBoost,Lightgbm,SVM RBF,Kneighbors,Prophet multivariate,Tensorflow simple LSTM,DeepAR,SVM RBF GRID SEARCH,Randomforest tunned,EnsembleXG+LIGHT,EnsembleXG+LIGHT+TF,EnsembleLIGHT+TF,EnsembleXG+TF
59.320939688745256,52.67495069033537,47.23804907389029,49.043875235907436,47.09685892883091,48.24924334429842,47.09685892883091,51.25048185966847,51.29198250756219,61.53380230466182,39.243000962562014,39.2369663391453,45.83794230098984,31.043099031881006,30.173660146490946,40.80889444196705,57.048846843821,38.346790730934224,31.40688968856472,72.52873421948907,38.56560174512252,40.74096313356159,29.61489252598891,27.763721607054393,27.90978433392331,27.960503320335906
81.44435990224615,74.52276372084808,65.32171829215591,66.20167106828775,64.86169309441611,66.38752634068322,64.86169309441611,71.32864345186118,71.48683847219142,83.64673198635526,54.634477029073054,54.58399790870153,59.4489432036719,43.195545620081205,42.74528484244324,56.032800300288606,80.38733591079853,50.50218564907183,44.007714539413755,105.39131309058506,50.3400272130703,53.151505848363364,41.66026002710972,39.3463663652156,39.750589589010275,39.68682357733121
1.3213573049115988,1.0440497051248143,1.0155933817442622,1.0528691003003372,1.0056440815777241,1.0616723449754857,1.0056440815777241,0.9052778110220928,0.9125628929273871,1.2682130053815854,0.7078739844522808,0.7090311778288814,1.0292758595380387,0.5421447091544523,0.5223376202466113,0.7942235072980308,1.082936498804146,0.7447335938796787,0.46633146603165226,0.9573769585455073,0.7767785685301329,0.9031821616042628,0.5201804788231114,0.4510237784925697,0.43510147633137025,0.43865492144009516
0.0,0.1627486115825162,0.35673018642367305,0.3392824002951037,0.36575867888421854,0.3355673816414432,0.36575867888421854,0.2329813916131096,0.22957538042990167,-0.05481410213739779,0.5500009967624746,0.5508321591036289,0.46719750636098334,0.7187089595346269,0.7245426265270773,0.5266715316287729,0.025788518944025896,0.6154982512685703,0.7080317673853133,-0.6745094478051386,0.6179634951262103,0.5740985511312133,0.7383492862021859,0.7666073182672936,0.7617871854795493,0.7625508318971793
